timestamp,pergunta,resposta,top_k,config_id,modelo_gerador,tempo_resposta_ms,fonte_1_titulo,fonte_1_url,fonte_1_distancia,fonte_2_titulo,fonte_2_url,fonte_2_distancia,fonte_3_titulo,fonte_3_url,fonte_3_distancia,fonte_4_titulo,fonte_4_url,fonte_4_distancia,fonte_5_titulo,fonte_5_url,fonte_5_distancia
2026-09-06T19:09:23,Onde fica a FEI SBC,"A FEI SBC fica em São Bernardo do Campo, no estado de São Paulo. Você pode chegar ao campus SBC de várias maneiras:

- Se você estiver em São Paulo, pode pegar o ônibus da Viação Riacho Grande, Linhas 004 (Parque Alvarenga) ou 431 (Jardim Las Palmas), no Terminal Sacomã, e descer na porta do Centro Universitário FEI.
- Se você estiver em São Paulo, também pode pegar o metrô até a Estação Jabaquara e, em seguida, pegar o trólebus até o terminal Piraporinha. No terminal, do lado de fora, pegue o ônibus da Viação ABC, linha 195 (Ferrazópolis), e desça na porta do Centro Universitário FEI.
- Se você estiver em Santo André, pode pegar o ônibus Viação Expresso SBC, linha 255 (Piraporinha), no Terminal Paço Municipal de São Bernardo do Campo, e descer na porta do Centro Universitário FEI.
- Se você estiver em Santos, pode pegar o ônibus da Viação Expresso Brasileiro, na rodoviária, e descer no Terminal Rodoviário João Ítalo Setti. Em seguida, ao lado do Terminal Rodoviário, no Terminal Metropolitano de SBC, pegue o ônibus da Viação Expresso SBC, linha 255 (Piraporinha), e desça na porta do Centro Universitário FEI.

Para obter informações mais atualizadas e detalhadas sobre como chegar ao campus SBC, é recomendável verificar as informações disponíveis no site da FEI ou entrar em contato com a instituição diretamente.",3,C5,llama3.1:8b,68861.02,Campus São Bernardo,https://portal.fei.edu.br/campus-sao-bernardo-do-campo,8.432732582092285,Campus São Bernardo,https://portal.fei.edu.br/campus-sao-bernardo-do-campo,8.836925506591797,Campus São Bernardo,https://portal.fei.edu.br/campus-sao-bernardo-do-campo,9.532894134521484,,,,,,
2026-09-06T19:20:35,Onde fica a fei sbc?,Não encontrei informação suficiente na base documental para responder à pergunta.,3,C5,llama3.1:8b,24850.5,Biblioteca FEI,https://portal.fei.edu.br/biblioteca,8.409360885620117,Campus São Bernardo,https://portal.fei.edu.br/campus-sao-bernardo-do-campo,8.550314903259277,Transferência e Portador de Diploma,https://portal.fei.edu.br/transferencia-portador,8.95208740234375,,,,,,
